INSERT INTO Category VALUES('Top Wear');
INSERT INTO Category VALUES('Bottom Wear');
INSERT INTO Category VALUES('Socks,Ties,Caps etc');
INSERT INTO Category VALUES('Indian Wear');
INSERT INTO Category VALUES('Winter Wear');
INSERT INTO Category VALUES('Sports Wear');
INSERT INTO Category VALUES('Inner Wear');
INSERT INTO Supplier VALUES ('20001','Vinay','20/01/2019','02:22','987654311');
INSERT INTO supp_list(Name,Size,Brand,SID,SCost,Quantity,PID) VALUES('Jeans','XL','Pepe','20001','1000.00','100','00001');
INSERT INTO supp_list(Name,Size,Brand,SID,SCost,Quantity,PID) VALUES('T-shirt','XXL','Pepe','20001','500.00','100','00002');
INSERT INTO supp_list(Name,Size,Brand,SID,SCost,Quantity,PID) VALUES('Jeans','XL','Us Polo','20001','900.00','100','00003');
INSERT INTO supp_list(Name,Size,Brand,SID,SCost,Quantity,PID) VALUES('T-shirt','M','Us Polo','20001','500.00','100','00004');
INSERT INTO supp_list(Name,Size,Brand,SID,SCost,Quantity,PID) VALUES('Sweater','L','Lenin','20001','400.00','100','00005');
INSERT INTO supp_list(Name,Size,Brand,SID,SCost,Quantity,PID) VALUES('Sweater','M','Lenin','20001','350.00','100','00006');
INSERT INTO supp_list(Name,Size,Brand,SID,SCost,Quantity,PID) VALUES('Jacket','XL','Armani','20001','1500.00','100','00007');
INSERT INTO supp_list(Name,Size,Brand,SID,SCost,Quantity,PID) VALUES('Tie','XL','Us Polo','20001','300.00','100','00008');
INSERT INTO Supplier VALUES ('20002','Anil','20/01/2019','02:55','987654312');
INSERT INTO supp_list(Name,Size,Brand,SID,SCost,Quantity,PID) VALUES('Jeans','XL','Mufti','20002','1000.00','100','00009');
INSERT INTO supp_list(Name,Size,Brand,SID,SCost,Quantity,PID) VALUES('T-shirt','XXL','Mufti','20002','500.00','100','00010');
INSERT INTO supp_list(Name,Size,Brand,SID,SCost,Quantity,PID) VALUES('Jeans','XL','Roadster','20002','900.00','100','00011');
INSERT INTO supp_list(Name,Size,Brand,SID,SCost,Quantity,PID) VALUES('T-shirt','M','Us Polo','20002','500.00','100','00004');
INSERT INTO supp_list(Name,Size,Brand,SID,SCost,Quantity,PID) VALUES('Sweater','L','Lenin','20002','400.00','100','00005');
INSERT INTO supp_list(Name,Size,Brand,SID,SCost,Quantity,PID) VALUES('Sweater','M','Arrow','20002','350.00','100','00012');
INSERT INTO supp_list(Name,Size,Brand,SID,SCost,Quantity,PID) VALUES('Jacket','XL','Armani','20002','1500.00','100','00007');
INSERT INTO supp_list(Name,Size,Brand,SID,SCost,Quantity,PID) VALUES('Tie','XL','Us Polo','20002','300.00','100','00008');
INSERT INTO Supplier VALUES ('20003','Vishal','20/01/2019','03:03','987654313');
INSERT INTO supp_list(Name,Size,Brand,SID,SCost,Quantity,PID) VALUES('Jeans','XL','Pepe','20003','1000.00','100','00001');
INSERT INTO supp_list(Name,Size,Brand,SID,SCost,Quantity,PID) VALUES('T-shirt','XXL','Pepe','20003','500.00','100','00002');
INSERT INTO supp_list(Name,Size,Brand,SID,SCost,Quantity,PID) VALUES('Jeans','XL','Us Polo','20003','900.00','100','00003');
INSERT INTO supp_list(Name,Size,Brand,SID,SCost,Quantity,PID) VALUES('T-shirt','M','Us Polo','20003','500.00','100','00004');
INSERT INTO supp_list(Name,Size,Brand,SID,SCost,Quantity,PID) VALUES('Sweater','L','Lenin','20003','400.00','100','00005');
INSERT INTO supp_list(Name,Size,Brand,SID,SCost,Quantity,PID) VALUES('Sweater','M','Lenin','20003','350.00','100','00006');
INSERT INTO supp_list(Name,Size,Brand,SID,SCost,Quantity,PID) VALUES('Jacket','XL','Armani','20003','1500.00','100','00007');
INSERT INTO supp_list(Name,Size,Brand,SID,SCost,Quantity,PID) VALUES('Tie','XL','Us Polo','20003','300.00','100','00008');
INSERT INTO Supplier VALUES ('20004','kumar','20/01/2019','03:55','987654314');
INSERT INTO supp_list(Name,Size,Brand,SID,SCost,Quantity,PID) VALUES('Jeans','XL','Mufti','20004','1000.00','100','00009');
INSERT INTO supp_list(Name,Size,Brand,SID,SCost,Quantity,PID) VALUES('T-shirt','XXL','Mufti','20004','500.00','100','00010');
INSERT INTO supp_list(Name,Size,Brand,SID,SCost,Quantity,PID) VALUES('Jeans','XL','Roadster','20004','900.00','100','00011');
INSERT INTO supp_list(Name,Size,Brand,SID,SCost,Quantity,PID) VALUES('T-shirt','M','Us Polo','20004','500.00','100','00004');
INSERT INTO supp_list(Name,Size,Brand,SID,SCost,Quantity,PID) VALUES('Sweater','L','Lenin','20004','400.00','100','00005');
INSERT INTO supp_list(Name,Size,Brand,SID,SCost,Quantity,PID) VALUES('Sweater','M','Arrow','20004','350.00','100','00012');
INSERT INTO supp_list(Name,Size,Brand,SID,SCost,Quantity,PID) VALUES('Jacket','XL','Armani','20004','1500.00','100','00007');
INSERT INTO supp_list(Name,Size,Brand,SID,SCost,Quantity,PID) VALUES('Tie','XL','Us Polo','20004','300.00','100','00008');
INSERT INTO Customer VALUES ('10001','Deekshith','9856743210','29/03/2019','02:55');
INSERT INTO cust_list(PID,CID,Cost,Quantity) VALUES ('00001','10001','1070','10');
INSERT INTO cust_list(PID,CID,Cost,Quantity) VALUES ('00002','10001','535','10');
INSERT INTO cust_list(PID,CID,Cost,Quantity) VALUES ('00003','10001','963','10');
INSERT INTO cust_list(PID,CID,Cost,Quantity) VALUES ('00004','10001','535','10');
INSERT INTO cust_list(PID,CID,Cost,Quantity) VALUES ('00005','10001','428','10');
INSERT INTO cust_list(PID,CID,Cost,Quantity) VALUES ('00006','10001','374','10');
INSERT INTO cust_list(PID,CID,Cost,Quantity) VALUES ('00007','10001','1605','10');
INSERT INTO Customer VALUES ('10002','Puja','9856743211','29/03/2019','03:00');
INSERT INTO cust_list(PID,CID,Cost,Quantity) VALUES ('00004','10002','535','10');
INSERT INTO cust_list(PID,CID,Cost,Quantity) VALUES ('00002','10002','535','10');
INSERT INTO cust_list(PID,CID,Cost,Quantity) VALUES ('00001','10002','1070','10');
INSERT INTO cust_list(PID,CID,Cost,Quantity) VALUES ('00004','10002','535','10');
INSERT INTO cust_list(PID,CID,Cost,Quantity) VALUES ('00005','10002','428','10');
INSERT INTO cust_list(PID,CID,Cost,Quantity) VALUES ('00006','10002','374','10');
INSERT INTO cust_list(PID,CID,Cost,Quantity) VALUES ('00007','10002','1605','10');
INSERT INTO Employee VALUES ('30001','Roubal','seller','01/01/2019','05:30','5000.00');
INSERT INTO Employee VALUES ('30002','Vinay','cashier','01/01/2018','05:00','7000.00');
INSERT INTO Employee VALUES ('30003','Kawale','manager','01/01/2017','04:30','10000.00');
INSERT INTO Employee VALUES ('30004','Amitab','seller','02/01/2019','04:30','5000.00');
INSERT INTO Employee VALUES ('30005','Bob','sweeper','01/02/2019','03:30','2000.00');
INSERT INTO Employee VALUES ('30006','Rani','seller','01/03/2019','05:30','5000.00');
UPDATE Product set Category = 'Bottom Wear' where PID = '00001';
UPDATE Product set Category = 'Top Wear' where PID = '00002';
UPDATE Product set Category = 'Bottom Wear' where PID = '00003';
UPDATE Product set Category = 'Top Wear' where PID = '00004';
UPDATE Product set Category = 'Bottom Wear' where PID = '00005';
UPDATE Product set Category = 'Winter Wear' where PID = '00006';
UPDATE Product set Category = 'Winter Wear' where PID = '00007';
UPDATE Product set Category = 'Accessories' where PID = '00008';
UPDATE Product set Category = 'Bottom Wear' where PID = '00009';
UPDATE Product set Category = 'Top Wear' where PID = '00010';
UPDATE Product set Category = 'Bottom Wear' where PID = '00011';
UPDATE Product set Category = 'Winter Wear' where PID = '00012';
insert into Account(Date,Time,TID,EID,Net,Salary) values('20/01/2019','08:00','30001','30001',5000,5000);
insert into Account(Date,Time,TID,EID,Net,Salary) values('20/01/2019','08:00','30001','30001',5000,5000);
insert into Account(Date,Time,TID,EID,Net,Salary) values('20/01/2019','08:00','30003','30003',10000,10000);
insert into Account(Date,Time,TID,EID,Net,Salary) values('20/01/2019','08:00','30002','30002',7000,7000);



